"source","term_name","term_id","adjusted_p_value","negative_log10_of_adjusted_p_value","term_size","query_size","intersection_size","effective_domain_size","intersections"
"GO:MF","oxidoreduction-driven active transmembrane transporter activity","GO:0015453","2.8338378603289157e-7","6.547625001787524","69","386","13","20166","NDUFB9,NDUFA6,NDUFV3,UQCR10,NDUFB8,MT-ND2,MT-CO1,COX3,ND3,ND4,ND5,CYTB,ND6"
"GO:MF","primary active transmembrane transporter activity","GO:0015399","0.000015776708435901992","4.801983600444502","170","386","17","20166","ABCG5,ABCG8,ABCB1,NDUFB9,NDUFA6,NDUFV3,UQCR10,NDUFB8,ATP13A4,MT-ND2,MT-CO1,COX3,ND3,ND4,ND5,CYTB,ND6"
"GO:MF","receptor ligand activity","GO:0048018","0.000019468120170680533","4.710675981654832","500","386","30","20166","ENHO,MSMP,THBS4,RLN3,ALKAL2,GIP,IL6,GDF6,TAFA2,IFNG,FGF6,FGF23,TNFSF13B,ASIP,IL12B,CX3CL1,AGRP,CKLF,FGF13,EPGN,THNSL2,ANGPTL3,BMP4,SCG2,SEMA6B,CCL4,CCL5,APOA1,UTS2,NPPC"
"GO:MF","protein binding","GO:0005515","0.0000205265432279862","4.68768418182343","14832","386","328","20166","MED11,PSMB6,SKOR2,RNF165,ENHO,CD72,MSMP,CCBE1,IL7R,SHLD3,CENPH,THBS4,TBCA,RLN3,HAUS6,TJP2,TRIM14,ACOT12,PALM2AKAP2,BDP1,NHLH1,ARHGEF11,PBXIP1,S100A1,VRK2,CD248,ABCG5,ABCG8,CCDC167,IL20RA,PLN,CD24,RIPPLY2,GSTA2,ERICH1,ALKAL2,PINX1,CENPQ,CLIC5,ANKRD66,SMIM5,NME2,ANKFN1,ENDOV,NPB,MRPL27,CD300LG,SMAGP,NACA,KMT2D,HOXC10,KIF18B,C1QL1,ITGA2B,RDM1,SAMD14,GIP,KRT222,KRT24,KCNH2,RARRES2,LRRC61,ZNF467,OXSR1,ABCB1,TMEM196,IL6,HOXA9,HOXA10,OXNAD1,UBE2E1,HSBP1L1,TPMT,CD83,MYLK4,ZNF830,TUBB6,LYPLA1,VXN,LY96,GDF6,BAALC,SLC30A8,TMEM65,NDUFB9,TMEM71,CHRAC1,RPLP1,NME6,LRGUK,BEND7,GTSE1,IMMP2L,TAFA2,HMGA2,LLPH,IFNG,LRRC10,CRADD,SMDT1,RPS19BP1,DDX17,C22ORF23,FGF6,FGF23,PRMT8,TULP3,CD4,COL8A1,TRAT1,HJURP,NECTIN3,PCP4,RSPH1,NDUFV3,RPGR,SLC25A6,CRLF2,LYG2,EIF5B,NMS,POU3F3,SULT1C3,COL4A1,COL4A2,SOX1,TNFSF13B,SLITRK6,POU4F1,SCEL,LRCH1,NUDT15,RCBTB2,SKA3,SMCO4,RNASEK,TRIM28,ASIP,ACOT8,CD40,UBE2V1,RANBP1,CHCHD10,SMTN,EMID1,NFU1,NPM2,DOK2,CIAO1,ADRA2B,LCP2,NUDCD2,PWWP2A,IL12B,SPINK5,SPINK7,HAVCR1,TCOF1,MYOT,PLD6,HAGHL,PLK1,IL21R,CDIP1,C16ORF89,CCNF,SFPQ,IQCC,PPIE,IL22RA1,BGLAP,CX3CL1,CENPT,CARMIL2,AGRP,HSDL1,CKLF,TERF2IP,DSN1,JAGN1,FHIT,PPP4R2,KIF4B,TMSB15B,IL13RA1,FGF13,NOX1,CDX4,SH2D1A,AKAP14,MGARP,TMEM154,SH2D4A,CENPU,EPGN,CENPC,STAP1,CENPE,NMU,GABRG1,SH3BP2,TACC3,CD8A,THNSL2,M1AP,GPSM2,RGS13,PBX1,LRRC52,GLMN,SZT2,TSPAN1,PDZK1IP1,CMPK1,LDLRAD1,BSND,ANGPTL3,LEPR,NRARP,WDR31,CDC26,DPH7,GFI1B,CACFD1,PRC1,TP53BP1,DYDC2,PLAC9,SIRT1,COL13A1,CHCHD1,FUT11,ZP4,HHEX,PYROXD2,HPS6,COL17A1,BBIP1,CD5,VWCE,LRRC10B,CABP2,KNSTRN,VPS51,ASCL2,LRRC56,TESMIN,INCENP,EXD1,NUSAP1,EGLN3,RPS6KA5,GLRX5,C14ORF39,DLGAP5,TXNDC16,BMP4,MIS18BP1,TUBB,TMEM41A,UBXN7,SCG2,DAW1,ATR,FAM43A,ABCF3,RSRC1,RAB17,COL6A1,ICOS,CCDC141,RBM45,WIPF1,DLX2,CFAP221,KLHL12,LMOD1,EPS8L3,YOD1,G0S2,BCL2L15,ZNF76,MDFI,ANGPTL4,KANK3,SEMA6B,ANKRD24,C19ORF25,IFI30,ARRDC2,PEX11G,HAUS8,CPAMD8,SLC35E1,C19ORF44,KLF2,RAB8A,TICAM1,CCL4,CCL5,ZZEF1,RILP,SDF2,APPBP2,CRTAM,APOA4,APOA1,FXYD2,TEX12,SDHD,MRPS12,PAF1,TNFRSF9,UTS2,PER3,KLHL21,TNFRSF25,TNFRSF18,ANGPTL7,PLA2G2E,MIIP,KIAA2013,NPPC,GUCA2B,MT-ND2,MT-CO1,COX3,ND3"
"GO:MF","signaling receptor activator activity","GO:0030546","0.000027649788139524312","4.558308192033353","508","386","30","20166","ENHO,MSMP,THBS4,RLN3,ALKAL2,GIP,IL6,GDF6,TAFA2,IFNG,FGF6,FGF23,TNFSF13B,ASIP,IL12B,CX3CL1,AGRP,CKLF,FGF13,EPGN,THNSL2,ANGPTL3,BMP4,SCG2,SEMA6B,CCL4,CCL5,APOA1,UTS2,NPPC"
"GO:MF","extracellular matrix structural constituent conferring tensile strength","GO:0030020","0.000032695026062888926","4.485518312102583","41","386","9","20166","COL28A1,COL8A1,COL4A1,COL4A2,COL9A3,COL25A1,COL13A1,COL17A1,COL6A1"
"GO:MF","NADH dehydrogenase (ubiquinone) activity","GO:0008137","0.000032695026062888926","4.485518312102583","41","386","9","20166","NDUFB9,NDUFA6,NDUFV3,NDUFB8,MT-ND2,ND3,ND4,ND5,ND6"
"GO:MF","electron transfer activity","GO:0009055","0.00003809760817561771","4.419102289120642","120","386","14","20166","NDUFB9,NDUFA6,NDUFV3,UQCR10,NDUFB8,SDHD,MT-ND2,MT-CO1,COX3,ND3,ND4,ND5,CYTB,ND6"
"GO:MF","NADH dehydrogenase (quinone) activity","GO:0050136","0.0000409144431207525","4.388123355553023","42","386","9","20166","NDUFB9,NDUFA6,NDUFV3,NDUFB8,MT-ND2,ND3,ND4,ND5,ND6"
"GO:MF","NADH dehydrogenase activity","GO:0003954","0.0000628887904460538","4.20142675807247","44","386","9","20166","NDUFB9,NDUFA6,NDUFV3,NDUFB8,MT-ND2,ND3,ND4,ND5,ND6"
"GO:MF","NAD(P)H dehydrogenase (quinone) activity","GO:0003955","0.00007729405352459968","4.111853916441201","45","386","9","20166","NDUFB9,NDUFA6,NDUFV3,NDUFB8,MT-ND2,ND3,ND4,ND5,ND6"
"GO:MF","signaling receptor regulator activity","GO:0030545","0.0001173051412533597","3.9306829531953533","543","386","30","20166","ENHO,MSMP,THBS4,RLN3,ALKAL2,GIP,IL6,GDF6,TAFA2,IFNG,FGF6,FGF23,TNFSF13B,ASIP,IL12B,CX3CL1,AGRP,CKLF,FGF13,EPGN,THNSL2,ANGPTL3,BMP4,SCG2,SEMA6B,CCL4,CCL5,APOA1,UTS2,NPPC"
"GO:MF","oxidoreductase activity, acting on NAD(P)H, quinone or similar compound as acceptor","GO:0016655","0.0006408312194162138","3.1932563388559014","57","386","9","20166","NDUFB9,NDUFA6,NDUFV3,NDUFB8,MT-ND2,ND3,ND4,ND5,ND6"
"GO:MF","oxidoreductase activity, acting on NAD(P)H","GO:0016651","0.003588450079577232","2.4450930910409565","88","386","10","20166","NDUFB9,NDUFA6,NDUFV3,NOX1,NDUFB8,MT-ND2,ND3,ND4,ND5,ND6"
"GO:MF","signaling receptor binding","GO:0005102","0.0074024163679210836","2.1306264905452905","1555","386","54","20166","ENHO,CD72,MSMP,THBS4,RLN3,ARHGEF11,ALKAL2,NPB,C1QL1,ITGA2B,GIP,RARRES2,IL6,LY96,GDF6,TAFA2,IFNG,FGF6,FGF23,TULP3,CD4,TRAT1,CRLF2,NMS,TNFSF13B,ASIP,DOK2,IL12B,CX3CL1,AGRP,CKLF,IL13RA1,FGF13,EPGN,STAP1,NMU,GABRG1,CD8A,THNSL2,GLMN,ANGPTL3,BMP4,TUBB,SCG2,ANGPTL4,SEMA6B,CCL4,CCL5,CRTAM,APOA1,UTS2,ANGPTL7,NPPC,MT-ND2"
"GO:MF","cytokine receptor activity","GO:0004896","0.011230747975016903","1.9495913184843232","100","386","10","20166","IL7R,IL20RA,IL17REL,CD4,CRLF2,IL12B,IL21R,IL22RA1,IL13RA1,LEPR"
"GO:BP","chromosome segregation","GO:0007059","8.503374304236916e-7","6.0704087035899414","373","361","27","21092","CENPH,SHOC1,PINX1,CENPQ,KIF18B,HJURP,SKA3,CIAO1,PLK1,SFPQ,CENPT,CHTF8,DSN1,KIF4B,CENPC,CENPE,TACC3,RNF212,M1AP,CDC26,PRC1,KNSTRN,INCENP,NUSAP1,C14ORF39,DLGAP5,TEX12"
"GO:BP","aerobic electron transport chain","GO:0019646","0.000001357677056229289","5.867203521201954","92","361","14","21092","NDUFB9,NDUFA6,NDUFV3,UQCR10,NDUFB8,SDHD,MT-ND2,MT-CO1,COX3,ND3,ND4,ND5,CYTB,ND6"
"GO:BP","ATP synthesis coupled electron transport","GO:0042773","0.0000042080674215889995","5.375917310539323","100","361","14","21092","NDUFB9,NDUFA6,NDUFV3,UQCR10,NDUFB8,SDHD,MT-ND2,MT-CO1,COX3,ND3,ND4,ND5,CYTB,ND6"
"GO:BP","mitochondrial ATP synthesis coupled electron transport","GO:0042775","0.0000042080674215889995","5.375917310539323","100","361","14","21092","NDUFB9,NDUFA6,NDUFV3,UQCR10,NDUFB8,SDHD,MT-ND2,MT-CO1,COX3,ND3,ND4,ND5,CYTB,ND6"
"GO:BP","respiratory electron transport chain","GO:0022904","0.000006195595561303624","5.207916940045645","121","361","15","21092","NDUFB9,IMMP2L,NDUFA6,NDUFV3,UQCR10,NDUFB8,SDHD,MT-ND2,MT-CO1,COX3,ND3,ND4,ND5,CYTB,ND6"
"GO:BP","nuclear chromosome segregation","GO:0098813","0.00006889782187135742","4.161794507616362","314","361","22","21092","SHOC1,PINX1,CENPQ,KIF18B,PLK1,SFPQ,CHTF8,DSN1,KIF4B,CENPC,CENPE,TACC3,RNF212,M1AP,CDC26,PRC1,KNSTRN,INCENP,NUSAP1,C14ORF39,DLGAP5,TEX12"
"GO:BP","cell cycle process","GO:0022402","0.00007034344106081173","4.152776390679732","1226","361","49","21092","CENPH,HAUS6,SHOC1,PINX1,CENPQ,ANKFN1,KIF18B,ABCB1,SYCP2L,ZNF830,NME6,GTSE1,HMGA2,CRADD,RANBP1,NPM2,PLK1,CCNF,SFPQ,CHTF8,DSN1,KIF4B,EPGN,CENPC,CENPE,TACC3,RNF212,M1AP,GPSM2,PBX1,CDC26,GFI1B,PRC1,TP53BP1,SIRT1,KNSTRN,TESMIN,INCENP,NUSAP1,C14ORF39,DLGAP5,BMP4,TUBB,ATR,HAUS8,TEX12,PAF1,KLHL21,MIIP"
"GO:BP","oxidative phosphorylation","GO:0006119","0.0000826705248328824","4.0826493052499195","146","361","15","21092","NDUFB9,NDUFA6,NDUFV3,CHCHD10,UQCR10,NDUFB8,SDHD,MT-ND2,MT-CO1,COX3,ND3,ND4,ND5,CYTB,ND6"
"GO:BP","organelle fission","GO:0048285","0.00009467095819493414","4.023783227227542","527","361","29","21092","SHOC1,PINX1,KIF18B,SYCP2L,NME6,ACOT8,RANBP1,NPM2,PLK1,CHTF8,DSN1,KIF4B,EPGN,CENPC,CENPE,TACC3,RNF212,M1AP,CDC26,PRC1,KNSTRN,TESMIN,INCENP,NUSAP1,C14ORF39,DLGAP5,BMP4,PEX11G,TEX12"
"GO:BP","cytokine-mediated signaling pathway","GO:0019221","0.00017450712073872882","3.7581868470174564","479","361","27","21092","IL7R,VRK2,IL20RA,CD24,OXSR1,IL6,IL17REL,IFNG,CD4,CRLF2,TNFSF13B,IL12B,IL21R,CDIP1,IL22RA1,CX3CL1,JAGN1,IL13RA1,STAP1,LEPR,SIRT1,RPS6KA5,CCL4,CCL5,APOA1,TNFRSF25,TNFRSF18"
"GO:BP","cell cycle","GO:0007049","0.00018367852879974398","3.7359416078138703","1794","361","62","21092","CENPH,HAUS6,SHOC1,PINX1,CENPQ,ANKFN1,KIF18B,ABCB1,SYCP2L,ZNF830,TUBB6,NME6,GTSE1,HMGA2,CRADD,HJURP,RSPH1,POU4F1,NUDT15,SKA3,RANBP1,NPM2,PLD6,PLK1,CCNF,SFPQ,CENPT,CHTF8,DSN1,KIF4B,CDKL2,EPGN,CENPC,CENPE,TACC3,RNF212,M1AP,GPSM2,PBX1,CDC26,GFI1B,PRC1,TP53BP1,SIRT1,HHEX,KNSTRN,TESMIN,INCENP,EXD1,NUSAP1,C14ORF39,DLGAP5,BMP4,MIS18BP1,TUBB,ATR,HAUS8,TEX12,PAF1,KLHL21,MIIP,NPPC"
"GO:BP","nuclear division","GO:0000280","0.00018990785231147786","3.721457077679827","481","361","27","21092","SHOC1,PINX1,KIF18B,SYCP2L,NME6,RANBP1,NPM2,PLK1,CHTF8,DSN1,KIF4B,EPGN,CENPC,CENPE,TACC3,RNF212,M1AP,CDC26,PRC1,KNSTRN,TESMIN,INCENP,NUSAP1,C14ORF39,DLGAP5,BMP4,TEX12"
"GO:BP","anatomical structure morphogenesis","GO:0009653","0.00020058619337406299","3.697698963378486","2722","361","83","21092","SKOR2,RNF165,CCBE1,IL7R,THBS4,PALM2AKAP2,S100A1,CD248,RIPPLY2,NACA,HOXC10,ITGA2B,HOXB4,IL6,HOXA9,HOXA10,FABP9,HMGA2,LLPH,FGF6,FGF23,TULP3,COL8A1,NECTIN3,COL4A1,COL4A2,SOX1,TNFSF13B,SLITRK6,POU4F1,PCDH8,TRIM28,TGIF2,SOX18,FOXS1,CD40,ADRA2B,IL12B,SPINK5,TCOF1,MYOT,FOXL3,PLD6,NCMAP,BGLAP,CX3CL1,CARMIL2,FGF13,NOX1,CDX4,EPGN,PBX1,GLMN,SZT2,ANGPTL3,LEPR,NRARP,SIRT1,COL13A1,HHEX,VPS51,NKX2-8,RPS6KA5,SIX4,SIX6,BMP4,SCG2,COL6A1,CCDC141,DLX2,EN1,KLHL12,LMOD1,MDFI,ANGPTL4,SEMA6B,KLF2,RAB8A,CUX1,JHY,APOA1,PAF1,NPPC"
"GO:BP","multicellular organism development","GO:0007275","0.00027562242312915313","3.55968545350925","4823","361","126","21092","SKOR2,RNF165,CCBE1,IL7R,SHLD3,THBS4,NHLH1,PBXIP1,S100A1,CD248,PLN,CD24,RIPPLY2,ALKAL2,NME2,NACA,HOXC10,C1QL1,ITGA2B,SAMD14,GIP,HOXB4,RARRES2,IL6,HOXA9,HOXA10,CD83,ZNF830,VXN,GDF6,TMEM65,IMMP2L,HMGA2,LLPH,IFNG,LRRC10,FGF6,FGF23,TULP3,CD4,COL8A1,NECTIN3,PCP4,POU3F3,COL4A1,COL4A2,SOX1,TNFSF13B,SLITRK6,POU4F1,SCEL,PCDH8,TRIM28,TGIF2,COL9A3,SOX18,FOXS1,CD40,NPM2,ADRA2B,PCDH12,IL12B,SPINK5,TCOF1,MYOT,PLD6,NCMAP,BGLAP,CX3CL1,JAGN1,FGF13,NOX1,CDX4,MGARP,CENPU,EPGN,STAP1,TACC3,CD8A,PBX1,GLMN,SZT2,ANGPTL3,LEPR,NRARP,BARHL1,GFI1B,TP53BP1,SIRT1,COL13A1,HHEX,VPS51,ASCL2,NKX2-8,RPS6KA5,GLRX5,SIX4,SIX6,BMP4,SCG2,DAW1,RAB17,COL6A1,ICOS,CCDC141,RBM45,DLX2,EN1,KLHL12,MDFI,ANGPTL4,SEMA6B,CPAMD8,KLF2,RAB8A,CUX1,JHY,CRTAM,APOA4,APOA1,PAF1,TNFRSF9,ANGPTL7,NPPC,MT-CO1,ND4"
"GO:BP","acylglycerol homeostasis","GO:0055090","0.0004265270157413864","3.370053455901312","37","361","8","21092","ABCG5,ABCG8,GIP,ANGPTL3,SIRT1,ANGPTL4,APOA4,APOA1"
"GO:BP","triglyceride homeostasis","GO:0070328","0.0004265270157413864","3.370053455901312","37","361","8","21092","ABCG5,ABCG8,GIP,ANGPTL3,SIRT1,ANGPTL4,APOA4,APOA1"
"GO:BP","mitochondrial electron transport, NADH to ubiquinone","GO:0006120","0.0004605050860507815","3.3367655688730147","51","361","9","21092","NDUFB9,NDUFA6,NDUFV3,NDUFB8,MT-ND2,ND3,ND4,ND5,ND6"
"GO:BP","proton motive force-driven mitochondrial ATP synthesis","GO:0042776","0.0004965953877491928","3.303997318378669","67","361","10","21092","NDUFB9,NDUFA6,NDUFV3,NDUFB8,SDHD,MT-ND2,ND3,ND4,ND5,ND6"
"GO:BP","system development","GO:0048731","0.000506688767244558","3.2952587234531188","4369","361","116","21092","SKOR2,RNF165,CCBE1,IL7R,SHLD3,THBS4,NHLH1,PBXIP1,S100A1,CD248,PLN,CD24,RIPPLY2,ALKAL2,NACA,HOXC10,C1QL1,ITGA2B,SAMD14,GIP,HOXB4,RARRES2,IL6,HOXA9,HOXA10,CD83,ZNF830,VXN,GDF6,TMEM65,IMMP2L,HMGA2,LLPH,IFNG,LRRC10,FGF6,TULP3,CD4,COL8A1,NECTIN3,PCP4,POU3F3,COL4A1,COL4A2,SOX1,TNFSF13B,SLITRK6,POU4F1,TGIF2,COL9A3,SOX18,FOXS1,CD40,ADRA2B,PCDH12,IL12B,SPINK5,TCOF1,MYOT,NCMAP,BGLAP,CX3CL1,JAGN1,FGF13,NOX1,CDX4,MGARP,EPGN,STAP1,TACC3,CD8A,PBX1,GLMN,SZT2,ANGPTL3,LEPR,NRARP,BARHL1,GFI1B,TP53BP1,SIRT1,COL13A1,HHEX,VPS51,ASCL2,NKX2-8,RPS6KA5,GLRX5,SIX4,SIX6,BMP4,SCG2,DAW1,RAB17,ICOS,CCDC141,RBM45,DLX2,EN1,MDFI,ANGPTL4,SEMA6B,CPAMD8,KLF2,RAB8A,CUX1,JHY,CRTAM,APOA4,APOA1,PAF1,TNFRSF9,ANGPTL7,NPPC,MT-CO1,ND4"
"GO:BP","chromosome organization","GO:0051276","0.0006796096757739435","3.167740446599169","612","361","30","21092","SHLD3,CENPH,PINX1,KIF18B,ZNF830,HMGA2,HELB,HJURP,TRIM28,PLK1,SFPQ,CENPT,CHTF8,TERF2IP,DSN1,KIF4B,CENPC,CENPE,TACC3,RNF212,CDC26,PRC1,HHEX,KNSTRN,INCENP,NUSAP1,C14ORF39,DLGAP5,ATR,TEX12"
"GO:BP","electron transport chain","GO:0022900","0.0009775489369415532","3.009861492232151","176","361","15","21092","NDUFB9,IMMP2L,NDUFA6,NDUFV3,UQCR10,NDUFB8,SDHD,MT-ND2,MT-CO1,COX3,ND3,ND4,ND5,CYTB,ND6"
"GO:BP","angiogenesis","GO:0001525","0.0011258130856696968","2.9485337077089366","526","361","27","21092","CCBE1,THBS4,S100A1,ITGA2B,IL6,HMGA2,FGF6,COL8A1,COL4A1,COL4A2,SOX18,CD40,ADRA2B,IL12B,SPINK5,CX3CL1,NOX1,EPGN,ANGPTL3,LEPR,NRARP,SIRT1,HHEX,BMP4,SCG2,ANGPTL4,KLF2"
"GO:BP","nucleoside triphosphate biosynthetic process","GO:0009142","0.0012254964093608841","2.9116879568697076","133","361","13","21092","NME2,NDUFB9,NME6,NDUFA6,NDUFV3,CMPK1,NDUFB8,SDHD,MT-ND2,ND3,ND4,ND5,ND6"
"GO:BP","anatomical structure development","GO:0048856","0.0012606329415031543","2.899411348546176","5836","361","143","21092","SKOR2,RNF165,CCBE1,IL7R,SHLD3,THBS4,TJP2,PALM2AKAP2,NHLH1,PBXIP1,S100A1,CD248,PLN,CD24,RIPPLY2,GSTA2,ALKAL2,NME2,NACA,KMT2D,HOXC10,C1QL1,ITGA2B,SAMD14,GIP,HOXB4,RARRES2,IL6,HOXA9,HOXA10,CD83,ZNF830,VXN,FABP9,GDF6,TMEM65,IMMP2L,HMGA2,LLPH,IFNG,LRRC10,DDX17,FGF6,FGF23,TULP3,CD4,COL8A1,NECTIN3,PCP4,RSPH1,POU3F3,COL4A1,COL4A2,SOX1,TNFSF13B,SLITRK6,POU4F1,SCEL,PCDH8,TRIM28,TGIF2,COL9A3,SOX18,FOXS1,CD40,SMTN,NPM2,ADRA2B,PCDH12,IL12B,SPINK5,TCOF1,MYOT,FOXL3,PLD6,CCDC78,CCNF,NCMAP,BGLAP,CX3CL1,CARMIL2,JAGN1,FGF13,NOX1,CDX4,MGARP,CENPU,EPGN,STAP1,TACC3,CD8A,PBX1,GLMN,SZT2,ANGPTL3,LEPR,NRARP,BARHL1,GFI1B,TP53BP1,SIRT1,COL13A1,HHEX,COL17A1,VPS51,ASCL2,NKX2-8,RPS6KA5,GLRX5,SIX4,SIX6,C14ORF39,BMP4,TUBB,SCG2,DAW1,RAB17,COL6A1,ICOS,CCDC141,RBM45,DLX2,CFAP221,EN1,KLHL12,LMOD1,MDFI,ANGPTL4,SEMA6B,CPAMD8,KLF2,RAB8A,CUX1,JHY,CRTAM,APOA4,APOA1,PAF1,TNFRSF9,ANGPTL7,NPPC,MT-CO1,ND4"
"GO:BP","cell differentiation","GO:0030154","0.0014742097912754076","2.8314407086682527","4256","361","112","21092","SKOR2,RNF165,IL7R,TJP2,NHLH1,PBXIP1,CD24,GSTA2,ALKAL2,NME2,NACA,KMT2D,HOXC10,C1QL1,SAMD14,HOXB4,RARRES2,IL6,HOXA9,CD83,ZNF830,VXN,FABP9,GDF6,ANXA13,LRGUK,HMGA2,LLPH,IFNG,LRRC10,DDX17,FGF6,FGF23,TULP3,CD4,COL8A1,NECTIN3,PCP4,RSPH1,POU3F3,COL4A1,COL4A2,SOX1,TNFSF13B,SLITRK6,POU4F1,SCEL,TRIM28,TGIF2,SOX18,FOXS1,UBE2V1,NPM2,ADRA2B,PCDH12,IL12B,SPINK5,TCOF1,MYOT,FOXL3,PLD6,CCDC78,NCMAP,BGLAP,CX3CL1,JAGN1,FGF13,CDX4,MGARP,STAP1,NKX1-1,CD8A,M1AP,PBX1,GLMN,SZT2,LEPR,NRARP,BARHL1,SIRT1,COL13A1,HHEX,HPS6,ASCL2,TESMIN,NKX2-8,RPS6KA5,SIX4,C14ORF39,BMP4,TUBB,RAB17,COL6A1,CCDC141,RBM45,DLX2,CFAP221,EN1,KLHL12,LMOD1,MDFI,SEMA6B,KLF2,RAB8A,CUX1,JHY,CRTAM,APOA4,APOA1,PAF1,TNFRSF9,NPPC"
"GO:BP","purine ribonucleoside triphosphate biosynthetic process","GO:0009206","0.0018348343096173192","2.7364031475796424","116","361","12","21092","NME2,NDUFB9,NME6,NDUFA6,NDUFV3,NDUFB8,SDHD,MT-ND2,ND3,ND4,ND5,ND6"
"GO:BP","proton motive force-driven ATP synthesis","GO:0015986","0.0018876223287554378","2.7240848940129623","77","361","10","21092","NDUFB9,NDUFA6,NDUFV3,NDUFB8,SDHD,MT-ND2,ND3,ND4,ND5,ND6"
"GO:BP","cellular developmental process","GO:0048869","0.0019675312300034557","2.706078365494677","4280","361","112","21092","SKOR2,RNF165,IL7R,TJP2,NHLH1,PBXIP1,CD24,GSTA2,ALKAL2,NME2,NACA,KMT2D,HOXC10,C1QL1,SAMD14,HOXB4,RARRES2,IL6,HOXA9,CD83,ZNF830,VXN,FABP9,GDF6,ANXA13,LRGUK,HMGA2,LLPH,IFNG,LRRC10,DDX17,FGF6,FGF23,TULP3,CD4,COL8A1,NECTIN3,PCP4,RSPH1,POU3F3,COL4A1,COL4A2,SOX1,TNFSF13B,SLITRK6,POU4F1,SCEL,TRIM28,TGIF2,SOX18,FOXS1,UBE2V1,NPM2,ADRA2B,PCDH12,IL12B,SPINK5,TCOF1,MYOT,FOXL3,PLD6,CCDC78,NCMAP,BGLAP,CX3CL1,JAGN1,FGF13,CDX4,MGARP,STAP1,NKX1-1,CD8A,M1AP,PBX1,GLMN,SZT2,LEPR,NRARP,BARHL1,SIRT1,COL13A1,HHEX,HPS6,ASCL2,TESMIN,NKX2-8,RPS6KA5,SIX4,C14ORF39,BMP4,TUBB,RAB17,COL6A1,CCDC141,RBM45,DLX2,CFAP221,EN1,KLHL12,LMOD1,MDFI,SEMA6B,KLF2,RAB8A,CUX1,JHY,CRTAM,APOA4,APOA1,PAF1,TNFRSF9,NPPC"
"GO:BP","purine nucleoside triphosphate biosynthetic process","GO:0009145","0.0020134770204997834","2.696053322563672","117","361","12","21092","NME2,NDUFB9,NME6,NDUFA6,NDUFV3,NDUFB8,SDHD,MT-ND2,ND3,ND4,ND5,ND6"
"GO:BP","cellular respiration","GO:0045333","0.0024262222969970255","2.61506941042069","241","361","17","21092","NDUFB9,IMMP2L,IFNG,NDUFA6,NDUFV3,CHCHD10,UQCR10,NDUFB8,SDHD,MT-ND2,MT-CO1,COX3,ND3,ND4,ND5,CYTB,ND6"
"GO:BP","mitotic nuclear division","GO:0140014","0.0024631970708159714","2.608500840558746","326","361","20","21092","PINX1,KIF18B,NME6,RANBP1,NPM2,PLK1,CHTF8,DSN1,KIF4B,EPGN,CENPC,CENPE,TACC3,CDC26,PRC1,KNSTRN,INCENP,NUSAP1,DLGAP5,BMP4"
"GO:BP","positive regulation of cellular process","GO:0048522","0.0026078846538770506","2.5837116212578","5641","361","138","21092","MED11,SKOR2,RNF165,ENHO,CCBE1,IL7R,SHLD3,THBS4,TRIM14,NHLH1,ARHGEF11,PBXIP1,CD248,IL20RA,CD24,ALKAL2,PINX1,CENPQ,NME2,NACA,KMT2D,HOXC10,GIP,HOXB4,KCNH2,RARRES2,OXSR1,ABCB1,IL6,HOXA9,HOXA10,CD83,LY96,GDF6,SLC30A8,ANXA13,RPLP1,MAFA,HMGA2,IFNG,CRADD,DDX17,FGF6,FGF23,CD4,COL8A1,TRAT1,PCP4,CRLF2,POU3F3,SOX1,TNFSF13B,SLITRK6,POU4F1,SCEL,LIPT2,TRIM28,TGIF2,ASIP,SOX18,CD40,UBE2V1,RANBP1,CHCHD10,NPM2,CIAO1,ADRA2B,LCP2,PWWP2A,IL12B,HAVCR1,PLD6,PLK1,NCMAP,SFPQ,CX3CL1,CARMIL2,CHTF8,TERF2IP,TMSB15B,IL13RA1,FGF13,NOX1,CDX4,SH2D1A,MGARP,EPGN,STAP1,CENPE,NMU,GPSM2,TEDC1,PBX1,LRRC52,GLMN,ANGPTL3,EFCAB7,LEPR,NRARP,BARHL1,GFI1B,PRC1,TP53BP1,SIRT1,ZP4,HHEX,CD5,ASCL2,INCENP,NUSAP1,NKX2-8,RPS6KA5,SIX4,DLGAP5,BMP4,SCG2,ATR,ICOS,DLX2,EN1,LMOD1,EPS8L3,G0S2,ZNF76,SEMA6B,KLF2,TICAM1,CCL4,CCL5,CUX1,CRTAM,APOA4,APOA1,FXYD2,PAF1,TNFRSF18,NPPC,GUCA2B"
"GO:BP","regulation of cellular process","GO:0050794","0.002913528734963259","2.5355806942807333","11130","361","235","21092","MED11,SKOR2,RNF165,ENHO,MSMP,CCBE1,IL7R,SHLD3,THBS4,RLN3,TRIM14,PALM2AKAP2,NHLH1,ARHGEF11,PBXIP1,S100A1,VRK2,CD248,CAPN13,ABCG5,ABCG8,IL20RA,PLN,CD24,RIPPLY2,ALKAL2,PINX1,CENPQ,CLIC5,RCAN2,NME2,ANKFN1,NPB,NACA,KMT2D,HOXC10,KIF18B,ITGA2B,SAMD14,GIP,HOXB4,KCNH2,RARRES2,ZNF467,OXSR1,ABCB1,IL6,HOXA9,HOXA10,HSBP1L1,CD83,SYCP2L,ZNF830,LYPLA1,LY96,GDF6,SLC30A8,ANXA13,CHRAC1,RPLP1,MAFA,NME6,GTSE1,IL17REL,TAFA2,HMGA2,HELB,IFNG,CRADD,CYP2D6,DDX17,FGF6,FGF23,TULP3,CD4,COL8A1,TRAT1,HJURP,PCP4,SLC25A6,CRLF2,EIF5B,NMS,POU3F3,COL4A1,COL4A2,SOX1,TNFSF13B,SLITRK6,POU4F1,SCEL,PCDH8,LRCH1,SKA3,LIPT2,OR51M1,TRIM28,TGIF2,ASIP,SOX18,FOXS1,ACOT8,CD40,UBE2V1,RANBP1,CHCHD10,NPM2,DOK2,CIAO1,ADRA2B,LCP2,PWWP2A,IL12B,SPINK5,HAVCR1,TCOF1,FOXL3,PLD6,PLK1,IL21R,CDIP1,CCNF,NCMAP,IFI27L2,SFPQ,PPIE,IL22RA1,BGLAP,CX3CL1,CARMIL2,AGRP,CKLF,CHTF8,TERF2IP,JAGN1,FHIT,PPP4R2,TMSB15B,IL13RA1,FGF13,NOX1,CDX4,SH2D1A,MGARP,CDKL2,EPGN,STAP1,CENPE,NMU,GABRG1,SH3BP2,TACC3,NKX1-1,CD8A,THNSL2,GPSM2,RGS13,TEDC1,PBX1,LRRC52,GLMN,SZT2,ANGPTL3,EFCAB7,LEPR,NRARP,CDC26,DPH7,BARHL1,GFI1B,GPR21,PRC1,TP53BP1,SIRT1,ZP4,HHEX,CD5,CABP2,KNSTRN,ASCL2,TESMIN,INCENP,NUSAP1,EGLN3,NKX2-8,RPS6KA5,GLRX5,SIX4,SIX6,C14ORF39,DLGAP5,BMP4,TUBB,SCG2,ATR,RAB17,ICOS,DLX2,EN1,KLHL12,LMOD1,EPS8L3,YOD1,G0S2,BCL2L15,ZNF76,MDFI,ANGPTL4,KANK3,SEMA6B,IFI30,KLF2,RAB8A,TICAM1,CCL4,CCL5,ZZEF1,CUX1,CRTAM,APOA4,APOA1,FXYD2,SDHD,PAF1,SELENOW,TNFRSF9,UTS2,PER3,KLHL21,TNFRSF25,TNFRSF18,ANGPTL7,MIIP,NPPC,GUCA2B"
"GO:BP","ribonucleoside triphosphate biosynthetic process","GO:0009201","0.0031589524408741116","2.5004569124998586","122","361","12","21092","NME2,NDUFB9,NME6,NDUFA6,NDUFV3,NDUFB8,SDHD,MT-ND2,ND3,ND4,ND5,ND6"
"GO:BP","vasculature development","GO:0001944","0.0035169104840756527","2.4538386856400494","734","361","32","21092","CCBE1,THBS4,S100A1,ITGA2B,IL6,IMMP2L,HMGA2,FGF6,COL8A1,COL4A1,COL4A2,SOX18,FOXS1,CD40,ADRA2B,IL12B,SPINK5,CX3CL1,NOX1,CDX4,EPGN,GLMN,ANGPTL3,LEPR,NRARP,SIRT1,HHEX,BMP4,SCG2,ANGPTL4,KLF2,ANGPTL7"
"GO:BP","aerobic respiration","GO:0009060","0.003607756156943204","2.4427628234784162","195","361","15","21092","NDUFB9,NDUFA6,NDUFV3,CHCHD10,UQCR10,NDUFB8,SDHD,MT-ND2,MT-CO1,COX3,ND3,ND4,ND5,CYTB,ND6"
"GO:BP","developmental process","GO:0032502","0.003840593531449786","2.4156016538838867","6424","361","152","21092","SKOR2,RNF165,CCBE1,IL7R,SHLD3,THBS4,TJP2,PALM2AKAP2,NHLH1,PBXIP1,S100A1,CD248,PLN,CD24,RIPPLY2,GSTA2,ALKAL2,NME2,NACA,KMT2D,HOXC10,C1QL1,ITGA2B,SAMD14,GIP,HOXB4,RARRES2,IL6,HOXA9,HOXA10,CD83,ZNF830,VXN,FABP9,GDF6,ANXA13,TMEM65,LRGUK,IMMP2L,HMGA2,LLPH,IFNG,LRRC10,DDX17,FGF6,FGF23,TULP3,CD4,COL8A1,NECTIN3,PCP4,RSPH1,POU3F3,COL4A1,COL4A2,SOX1,TNFSF13B,SLITRK6,POU4F1,SCEL,PCDH8,TRIM28,TGIF2,COL9A3,SOX18,FOXS1,CD40,UBE2V1,SMTN,NPM2,ADRA2B,PCDH12,IL12B,SPINK5,TCOF1,MYOT,FOXL3,PLD6,CCDC78,CCNF,NCMAP,BGLAP,CX3CL1,CARMIL2,JAGN1,FGF13,NOX1,CDX4,MGARP,CDKL2,CENPU,EPGN,STAP1,TACC3,NKX1-1,CD8A,M1AP,PBX1,GLMN,SZT2,ANGPTL3,LEPR,NRARP,BARHL1,GFI1B,GPR21,TP53BP1,SIRT1,COL13A1,HHEX,HPS6,COL17A1,VPS51,ASCL2,TESMIN,NKX2-8,RPS6KA5,GLRX5,SIX4,SIX6,C14ORF39,BMP4,TUBB,SCG2,DAW1,RAB17,COL6A1,ICOS,CCDC141,RBM45,DLX2,CFAP221,EN1,KLHL12,LMOD1,MDFI,ANGPTL4,SEMA6B,CPAMD8,KLF2,RAB8A,CUX1,JHY,CRTAM,APOA4,APOA1,PAF1,TNFRSF9,ANGPTL7,NPPC,MT-CO1,ND4"
"GO:BP","multicellular organismal process","GO:0032501","0.0039056857319151807","2.4083027048233836","7463","361","171","21092","SKOR2,RNF165,CCBE1,IL7R,SHLD3,THBS4,TJP2,NHLH1,ARHGEF11,PBXIP1,S100A1,CD248,ABCG5,ABCG8,IL20RA,PLN,CD24,RIPPLY2,ALKAL2,CLIC5,NME2,ANKFN1,NPB,NACA,KMT2D,HOXC10,C1QL1,ITGA2B,SAMD14,GIP,HOXB4,KCNH2,RARRES2,ABCB1,IL6,HOXA9,HOXA10,CD83,ZNF830,VXN,LY96,FABP9,GDF6,TMEM65,NDUFB9,LRGUK,IMMP2L,TAFA2,HMGA2,LLPH,IFNG,LRRC10,FGF6,FGF23,TULP3,CD4,COL8A1,NECTIN3,PCP4,RSPH1,RPGR,CRLF2,NMS,POU3F3,COL4A1,COL4A2,SOX1,TNFSF13B,SLITRK6,POU4F1,SCEL,PCDH8,OR51M1,TRIM28,TGIF2,ASIP,COL9A3,SOX18,FOXS1,CD40,SMTN,NPM2,ADRA2B,PCDH12,IL12B,SPINK5,TCOF1,MYOT,PLD6,PLK1,CCDC78,NCMAP,BGLAP,CX3CL1,AGRP,JAGN1,FGF13,NOX1,CDX4,MGARP,CENPU,EPGN,STAP1,NMU,GABRG1,TACC3,NKX1-1,CD8A,M1AP,PBX1,GLMN,SZT2,ANGPTL3,LEPR,NRARP,BARHL1,GFI1B,GPR21,TP53BP1,SIRT1,COL13A1,HHEX,HPS6,BBIP1,PGA5,CABP2,VPS51,ASCL2,TESMIN,NKX2-8,RPS6KA5,GLRX5,SIX4,SIX6,C14ORF39,BMP4,SCG2,DAW1,RAB17,COL6A1,ICOS,CCDC141,RBM45,DLX2,CFAP221,EN1,KLHL12,LMOD1,EPS8L3,G0S2,MDFI,ANGPTL4,SEMA6B,CPAMD8,KLF2,RAB8A,TICAM1,CUX1,JHY,CRTAM,APOA4,APOA1,PAF1,TNFRSF9,UTS2,PER3,ANGPTL7,PLA2G2E,NPPC,MT-CO1,ND4"
"GO:BP","organelle organization","GO:0006996","0.003913866613365617","2.40739397941036","3545","361","96","21092","SHLD3,CENPH,HAUS6,PALM2AKAP2,SHOC1,ARHGEF11,PINX1,ANKFN1,KIF18B,SAMD14,SYCP2L,ZNF830,TUBB6,FABP9,NDUFB9,NME6,LRGUK,IMMP2L,HMGA2,HELB,NDUFA6,HJURP,RSPH1,RPGR,SLC25A6,SKA3,RNASEK,TRIM28,ASIP,ACOT8,RANBP1,CHCHD10,SMTN,NPM2,PLD6,PLK1,CCDC78,CCNF,SFPQ,CX3CL1,CENPT,CARMIL2,CHTF8,TERF2IP,DSN1,JAGN1,KIF4B,TMSB15B,FGF13,MGARP,EPGN,CENPC,STAP1,CENPE,TACC3,RNF212,M1AP,GPSM2,CDC26,FAM174B,PRC1,SIRT1,NDUFB8,HHEX,PYROXD2,HPS6,BBIP1,KNSTRN,VPS51,TESMIN,INCENP,NUSAP1,SIX4,C14ORF39,DLGAP5,BMP4,TUBB,DAW1,ATR,RAB17,WIPF1,CFAP221,KLHL12,LMOD1,KANK3,PEX11G,HAUS8,RAB8A,RILP,JHY,APOA1,TEX12,MT-ND2,ND4,ND5,ND6"
"GO:BP","mitotic cell cycle","GO:0000278","0.004204996695913688","2.3762343411138733","927","361","37","21092","CENPH,PINX1,ANKFN1,KIF18B,ABCB1,ZNF830,TUBB6,NME6,GTSE1,CRADD,NUDT15,SKA3,RANBP1,NPM2,PLK1,CCNF,CENPT,CHTF8,DSN1,KIF4B,EPGN,CENPC,CENPE,TACC3,GPSM2,PBX1,CDC26,GFI1B,PRC1,SIRT1,KNSTRN,INCENP,NUSAP1,DLGAP5,BMP4,TUBB,MIIP"
"GO:BP","mitotic sister chromatid segregation","GO:0000070","0.005605400161442508","2.2513933783048743","202","361","15","21092","PINX1,KIF18B,PLK1,CHTF8,DSN1,KIF4B,CENPC,CENPE,TACC3,CDC26,PRC1,KNSTRN,INCENP,NUSAP1,DLGAP5"
"GO:BP","positive regulation of biological process","GO:0048518","0.006061506721934268","2.2174194088886474","6309","361","149","21092","MED11,SKOR2,RNF165,ENHO,CCBE1,IL7R,SHLD3,THBS4,TRIM14,NHLH1,ARHGEF11,PBXIP1,S100A1,CD248,IL20RA,CD24,ALKAL2,PINX1,CENPQ,NME2,NACA,KMT2D,HOXC10,GIP,HOXB4,KCNH2,RARRES2,OXSR1,ABCB1,IL6,HOXA9,HOXA10,CD83,LY96,GDF6,SLC30A8,ANXA13,RPLP1,MAFA,HMGA2,LLPH,IFNG,CRADD,DDX17,FGF6,FGF23,CD4,COL8A1,TRAT1,PCP4,CRLF2,POU3F3,SOX1,TNFSF13B,SLITRK6,POU4F1,SCEL,LIPT2,TRIM28,TGIF2,ASIP,ZNFX1,SOX18,FOXS1,CD40,UBE2V1,RANBP1,CHCHD10,NPM2,CIAO1,ADRA2B,LCP2,PWWP2A,IL12B,HAVCR1,PLD6,PLK1,NCMAP,SFPQ,PPIE,CX3CL1,CARMIL2,AGRP,CHTF8,TERF2IP,TMSB15B,IL13RA1,FGF13,NOX1,CDX4,SH2D1A,MGARP,EPGN,STAP1,CENPE,NMU,CD8A,GPSM2,TEDC1,PBX1,LRRC52,GLMN,ANGPTL3,EFCAB7,LEPR,NRARP,BARHL1,GFI1B,GPR21,PRC1,TP53BP1,SIRT1,ZP4,HHEX,CD5,ASCL2,INCENP,NUSAP1,EGLN3,NKX2-8,RPS6KA5,SIX4,DLGAP5,BMP4,SCG2,ATR,ICOS,DLX2,EN1,LMOD1,EPS8L3,G0S2,ZNF76,ANGPTL4,SEMA6B,KLF2,TICAM1,CCL4,CCL5,CUX1,RILP,CRTAM,APOA4,APOA1,FXYD2,PAF1,TNFRSF18,NPPC,GUCA2B"
"GO:BP","sister chromatid segregation","GO:0000819","0.006418589189132984","2.192560419704729","231","361","16","21092","PINX1,KIF18B,PLK1,SFPQ,CHTF8,DSN1,KIF4B,CENPC,CENPE,TACC3,CDC26,PRC1,KNSTRN,INCENP,NUSAP1,DLGAP5"
"GO:BP","blood vessel morphogenesis","GO:0048514","0.007470148297342431","2.126670776487384","616","361","28","21092","CCBE1,THBS4,S100A1,ITGA2B,IL6,HMGA2,FGF6,COL8A1,COL4A1,COL4A2,SOX18,CD40,ADRA2B,IL12B,SPINK5,CX3CL1,NOX1,EPGN,GLMN,ANGPTL3,LEPR,NRARP,SIRT1,HHEX,BMP4,SCG2,ANGPTL4,KLF2"
"GO:BP","blood vessel development","GO:0001568","0.011618484029104429","1.9348505346604143","703","361","30","21092","CCBE1,THBS4,S100A1,ITGA2B,IL6,HMGA2,FGF6,COL8A1,COL4A1,COL4A2,SOX18,FOXS1,CD40,ADRA2B,IL12B,SPINK5,CX3CL1,NOX1,CDX4,EPGN,GLMN,ANGPTL3,LEPR,NRARP,SIRT1,HHEX,BMP4,SCG2,ANGPTL4,KLF2"
"GO:BP","energy derivation by oxidation of organic compounds","GO:0015980","0.012149715554665673","1.9154338895130063","331","361","19","21092","NDUFB9,IMMP2L,IFNG,NDUFA6,NDUFV3,CHCHD10,UQCR10,PCDH12,LEPR,NDUFB8,SDHD,MT-ND2,MT-CO1,COX3,ND3,ND4,ND5,CYTB,ND6"
"GO:BP","cellular response to cytokine stimulus","GO:0071345","0.012308344045541781","1.9098003727599684","817","361","33","21092","IL7R,VRK2,IL20RA,CD24,OXSR1,IL6,IL17REL,IFNG,FGF23,CD4,CRLF2,SOX1,TNFSF13B,POU4F1,LRCH1,CD40,IL12B,IL21R,CDIP1,IL22RA1,CX3CL1,JAGN1,IL13RA1,STAP1,LEPR,SIRT1,RPS6KA5,KLF2,CCL4,CCL5,APOA1,TNFRSF25,TNFRSF18"
"GO:BP","regulation of cell cycle process","GO:0010564","0.014913537942869088","1.8264193165203335","712","361","30","21092","PINX1,ZNF830,NME6,GTSE1,HMGA2,CRADD,RANBP1,NPM2,PLK1,CCNF,SFPQ,EPGN,CENPE,TACC3,GPSM2,PBX1,CDC26,GFI1B,PRC1,TP53BP1,SIRT1,KNSTRN,INCENP,NUSAP1,DLGAP5,BMP4,ATR,PAF1,KLHL21,MIIP"
"GO:BP","anatomical structure formation involved in morphogenesis","GO:0048646","0.021372932465407318","1.67013588653167","1157","361","41","21092","SKOR2,CCBE1,THBS4,S100A1,RIPPLY2,ITGA2B,IL6,FABP9,HMGA2,FGF6,TULP3,COL8A1,COL4A1,COL4A2,TNFSF13B,PCDH8,SOX18,CD40,ADRA2B,IL12B,SPINK5,TCOF1,NCMAP,CX3CL1,NOX1,EPGN,GLMN,ANGPTL3,LEPR,NRARP,SIRT1,HHEX,SIX4,BMP4,SCG2,COL6A1,KLHL12,LMOD1,ANGPTL4,KLF2,PAF1"
"GO:BP","spindle organization","GO:0007051","0.021456044690182318","1.668450334911969","198","361","14","21092","CENPH,HAUS6,RANBP1,PLK1,KIF4B,CENPE,TACC3,GPSM2,PRC1,KNSTRN,INCENP,DLGAP5,TUBB,HAUS8"
"GO:BP","mitotic cell cycle process","GO:1903047","0.025061554377287184","1.600991996528467","769","361","31","21092","CENPH,PINX1,ANKFN1,KIF18B,ABCB1,ZNF830,NME6,GTSE1,CRADD,RANBP1,NPM2,PLK1,CCNF,CHTF8,DSN1,KIF4B,EPGN,CENPC,CENPE,TACC3,GPSM2,PBX1,CDC26,GFI1B,PRC1,KNSTRN,INCENP,NUSAP1,DLGAP5,BMP4,MIIP"
"GO:BP","cell division","GO:0051301","0.02565042985424272","1.590905352510785","658","361","28","21092","THBS4,HAUS6,KIF18B,HOXB4,ZNF830,HMGA2,FGF6,POU3F3,SKA3,PLK1,CCNF,CENPT,DSN1,KIF4B,FGF13,CENPC,CENPE,TACC3,GPSM2,CDC26,PRC1,KNSTRN,INCENP,NUSAP1,MIS18BP1,TUBB,HAUS8,KLHL21"
"GO:BP","response to stimulus","GO:0050896","0.032064781112470346","1.493971720411353","9000","361","194","21092","SKOR2,RNF165,ENHO,MSMP,CCBE1,IL7R,SHLD3,THBS4,RLN3,TRIM14,PALM2AKAP2,ARHGEF11,PBXIP1,S100A1,VRK2,ABCG5,ABCG8,IL20RA,PLN,CD24,RIPPLY2,GSTA2,ALKAL2,CLIC5,RCAN2,NME2,ANKFN1,ENDOV,NPB,NACA,KMT2D,ITGA2B,SAMD14,GIP,KCNH2,RARRES2,OXSR1,ABCB1,IL6,HOXA9,HOXA10,HSBP1L1,TPMT,CD83,ZNF830,LY96,GDF6,SLC30A8,MAFA,GTSE1,IL17REL,IMMP2L,TAFA2,HMGA2,HELB,IFNG,CRADD,CYP2D6,NDUFA6,DDX17,FGF6,FGF23,TULP3,CD4,TRAT1,PCP4,RPGR,SLC25A6,CRLF2,LYG2,NMS,SULT1C3,COL4A1,COL4A2,SOX1,TNFSF13B,SLITRK6,POU4F1,SCEL,LRCH1,NUDT15,OR51M1,TRIM28,TGIF2,ASIP,ZNFX1,CD40,UBE2V1,RANBP1,CHCHD10,DOK2,ADRA2B,LCP2,IL12B,SPINK5,MYOT,PLK1,IL21R,CDIP1,IFI27L2,SFPQ,IL22RA1,BGLAP,CX3CL1,CARMIL2,AGRP,CKLF,TERF2IP,JAGN1,FHIT,PPP4R2,IL13RA1,FGF13,NOX1,SH2D1A,MGARP,CDKL2,EPGN,STAP1,NMU,GABRG1,SH3BP2,CD8A,THNSL2,GPSM2,RGS13,TEDC1,REG4,GLMN,SZT2,ANGPTL3,LEPR,NRARP,GPR21,TP53BP1,SIRT1,ZP4,HHEX,HPS6,CD5,VWCE,CABP2,KNSTRN,ASCL2,TESMIN,INCENP,EGLN3,RPS6KA5,C14ORF39,BMP4,TUBB,SCG2,ATR,ABCF3,RSRC1,RAB17,COL6A1,ICOS,CCDC141,WIPF1,DLX2,EN1,KLHL12,EPS8L3,YOD1,G0S2,MDFI,ANGPTL4,SEMA6B,KLF2,RAB8A,TICAM1,CCL4,CCL5,CRTAM,APOA4,APOA1,TEX12,SDHD,PAF1,SELENOW,UTS2,PER3,TNFRSF25,TNFRSF18,ANGPTL7,PLA2G2E,NPPC,GUCA2B,MT-CO1,ND3,ND4,ND5,ND6"
"GO:BP","ATP biosynthetic process","GO:0006754","0.03249683079810776","1.4881589908366841","105","361","10","21092","NDUFB9,NDUFA6,NDUFV3,NDUFB8,SDHD,MT-ND2,ND3,ND4,ND5,ND6"
"GO:BP","kinetochore assembly","GO:0051382","0.03408635574174684","1.4674194278075179","19","361","5","21092","CENPH,CENPT,CENPC,CENPE,DLGAP5"
"GO:BP","centromere complex assembly","GO:0034508","0.037505423033780565","1.4259059316492084","32","361","6","21092","CENPH,HJURP,CENPT,CENPC,CENPE,DLGAP5"
"GO:BP","regulation of intestinal cholesterol absorption","GO:0030300","0.04084276485768844","1.3888848659535526","10","361","4","21092","ABCG5,ABCG8,APOA4,APOA1"
"GO:BP","response to cytokine","GO:0034097","0.041414396152802485","1.3828486665377646","906","361","34","21092","IL7R,VRK2,IL20RA,CD24,OXSR1,IL6,SLC30A8,IL17REL,IFNG,FGF23,CD4,CRLF2,SOX1,TNFSF13B,POU4F1,LRCH1,CD40,IL12B,IL21R,CDIP1,IL22RA1,CX3CL1,JAGN1,IL13RA1,STAP1,LEPR,SIRT1,RPS6KA5,KLF2,CCL4,CCL5,APOA1,TNFRSF25,TNFRSF18"
"GO:BP","microtubule cytoskeleton organization","GO:0000226","0.04810932035210754","1.3177707784001642","644","361","27","21092","CENPH,HAUS6,ANKFN1,KIF18B,TUBB6,LRGUK,RSPH1,SKA3,RANBP1,PLK1,CCDC78,CCNF,KIF4B,FGF13,CENPE,TACC3,GPSM2,PRC1,SIRT1,KNSTRN,INCENP,NUSAP1,DLGAP5,TUBB,DAW1,HAUS8,JHY"
"GO:BP","electron transport coupled proton transport","GO:0015990","0.04909619160108373","1.3089521948583305","4","361","3","21092","MT-CO1,ND4,ND5"
"GO:BP","energy coupled proton transmembrane transport, against electrochemical gradient","GO:0015988","0.04909619160108373","1.3089521948583305","4","361","3","21092","MT-CO1,ND4,ND5"
"GO:CC","inner mitochondrial membrane protein complex","GO:0098800","2.411034651677296e-7","6.617796547845651","164","383","18","21690","NDUFB9,IMMP2L,NDUFA6,SMDT1,NDUFV3,SLC25A6,CHCHD10,UQCR10,NDUFB8,SDHD,MT-ND2,MT-CO1,COX3,ND3,ND4,ND5,CYTB,ND6"
"GO:CC","respiratory chain complex","GO:0098803","3.3846424076611695e-7","6.470487208391862","94","383","14","21690","NDUFB9,NDUFA6,NDUFV3,UQCR10,NDUFB8,SDHD,MT-ND2,MT-CO1,COX3,ND3,ND4,ND5,CYTB,ND6"
"GO:CC","mitochondrial respirasome","GO:0005746","5.177197561980976e-7","6.285905262014264","97","383","14","21690","NDUFB9,NDUFA6,NDUFV3,UQCR10,NDUFB8,SDHD,MT-ND2,MT-CO1,COX3,ND3,ND4,ND5,CYTB,ND6"
"GO:CC","respirasome","GO:0070469","0.0000013163642794312591","5.8806239111363805","104","383","14","21690","NDUFB9,NDUFA6,NDUFV3,UQCR10,NDUFB8,SDHD,MT-ND2,MT-CO1,COX3,ND3,ND4,ND5,CYTB,ND6"
"GO:CC","condensed chromosome","GO:0000793","0.000007840914141084564","5.105633301692461","277","383","21","21690","CENPH,SHOC1,PINX1,CENPQ,SYCP2L,HJURP,RSPH1,SKA3,NUDCD2,PLK1,CENPT,DSN1,CENPU,CENPC,CENPE,RNF212,TP53BP1,KNSTRN,INCENP,C14ORF39,TEX12"
"GO:CC","oxidoreductase complex","GO:1990204","0.000023902818942377764","4.621550878176275","130","383","14","21690","NDUFB9,NDUFA6,NDUFV3,UQCR10,NOX1,NDUFB8,SDHD,MT-ND2,MT-CO1,ND3,ND4,ND5,CYTB,ND6"
"GO:CC","collagen trimer","GO:0005581","0.00002749813310970526","4.560696790085201","93","383","12","21690","CCBE1,C1QL1,COL28A1,COL8A1,COL4A1,COL4A2,COL9A3,EMID1,COL25A1,COL13A1,COL17A1,COL6A1"
"GO:CC","condensed chromosome, centromeric region","GO:0000779","0.00003109271603044501","4.507341339535619","176","383","16","21690","CENPH,PINX1,CENPQ,SYCP2L,HJURP,SKA3,NUDCD2,PLK1,CENPT,DSN1,CENPU,CENPC,CENPE,TP53BP1,KNSTRN,INCENP"
"GO:CC","chromosome","GO:0005694","0.000032800609418513914","4.484118087244447","1876","383","65","21690","SHLD3,CENPH,SHOC1,NHLH1,PBXIP1,PINX1,CENPQ,HOXC10,HOXB4,HOXA9,HOXA10,SYCP2L,ZNF830,CHRAC1,MAFA,HMGA2,LLPH,HELB,HJURP,RSPH1,POU3F3,SOX1,POU4F1,SKA3,TRIM28,TGIF2,SOX18,FOXS1,NPM2,NUDCD2,PLK1,SFPQ,CENPT,CHTF8,TERF2IP,DSN1,PPP4R2,CDX4,CENPU,CENPC,CENPE,NKX1-1,RNF212,PBX1,BARHL1,PRC1,TP53BP1,SIRT1,HHEX,KNSTRN,ASCL2,INCENP,NUSAP1,NKX2-8,SIX4,SIX6,C14ORF39,MIS18BP1,ATR,DLX2,EN1,KLF2,CUX1,TEX12,PAF1"
"GO:CC","mitochondrial protein-containing complex","GO:0098798","0.00004061575766892511","4.391305440783346","305","383","21","21690","MRPL27,NDUFB9,IMMP2L,NDUFA6,SMDT1,NDUFV3,SLC25A6,CHCHD10,UQCR10,CHCHD1,NDUFB8,SDHD,MRPS12,MT-ND2,MT-CO1,COX3,ND3,ND4,ND5,CYTB,ND6"
"GO:CC","kinetochore","GO:0000776","0.00008452875174680577","4.0729955442915555","166","383","15","21690","CENPH,PINX1,CENPQ,HJURP,SKA3,NUDCD2,PLK1,CENPT,DSN1,CENPU,CENPC,CENPE,TP53BP1,KNSTRN,INCENP"
"GO:CC","NADH dehydrogenase complex","GO:0030964","0.00010468076906077255","3.9801330953785183","53","383","9","21690","NDUFB9,NDUFA6,NDUFV3,NDUFB8,MT-ND2,ND3,ND4,ND5,ND6"
"GO:CC","respiratory chain complex I","GO:0045271","0.00010468076906077255","3.9801330953785183","53","383","9","21690","NDUFB9,NDUFA6,NDUFV3,NDUFB8,MT-ND2,ND3,ND4,ND5,ND6"
"GO:CC","mitochondrial respiratory chain complex I","GO:0005747","0.00010468076906077255","3.9801330953785183","53","383","9","21690","NDUFB9,NDUFA6,NDUFV3,NDUFB8,MT-ND2,ND3,ND4,ND5,ND6"
"GO:CC","chromosome, centromeric region","GO:0000775","0.00020049433073971086","3.697897903159858","253","383","18","21690","CENPH,PINX1,CENPQ,SYCP2L,CHRAC1,HJURP,SKA3,NUDCD2,PLK1,CENPT,DSN1,CENPU,CENPC,CENPE,TP53BP1,KNSTRN,INCENP,MIS18BP1"
"GO:CC","endoplasmic reticulum lumen","GO:0005788","0.00025114184124291563","3.6000809260480726","312","383","20","21690","GIP,COL28A1,IL6,FGF23,CD4,COL8A1,COL4A1,COL4A2,COL9A3,IL12B,BGLAP,COL25A1,COL13A1,COL17A1,TXNDC16,BMP4,SCG2,COL6A1,APOA4,APOA1"
"GO:CC","mitotic spindle","GO:0072686","0.00031717811868388465","3.4986967811987904","184","383","15","21690","HAUS6,KIF18B,TUBB6,TRAT1,SKA3,NUDCD2,PLK1,CENPE,TACC3,GPSM2,PRC1,KNSTRN,NUSAP1,TUBB,HAUS8"
"GO:CC","extracellular region","GO:0005576","0.001016829966977792","2.9927516631805258","4302","383","113","21690","PSMB6,ENHO,MSMP,CCBE1,IL7R,THBS4,RLN3,ACOT12,S100A1,CD248,GSTA2,ALKAL2,CLIC5,NME2,NPB,NACA,C1QL1,ITGA2B,GIP,KRT24,RARRES2,OXSR1,ABCB1,COL28A1,IL6,TUBB6,LYPLA1,LY96,GDF6,ANXA13,CPA5,BEND7,TAFA2,IFNG,FGF6,FGF23,TULP3,PLA1A,COL8A1,CRLF2,LYG2,NMS,COL4A1,COL4A2,TNFSF13B,SCEL,ASIP,COL9A3,CD40,UBE2V1,EMID1,PCDH12,NUDCD2,IL12B,SPINK5,SPINK7,TIMD4,C16ORF89,PPIE,BGLAP,CX3CL1,AGRP,CKLF,DSN1,FGF13,COL25A1,EPGN,CENPE,NMU,CD8A,THNSL2,REG4,TSPAN1,PDZK1IP1,CMPK1,ANGPTL3,LEPR,C15ORF61,PRC1,PLAC9,COL13A1,ZP4,COL17A1,PGA5,VWCE,LUZP2,TXNDC16,BMP4,TUBB,SCG2,DAW1,RAB17,COL6A1,ICOS,CFAP221,ANGPTL4,SEMA6B,IFI30,CPAMD8,RAB8A,CCL4,CCL5,JHY,APOA4,APOA1,FXYD2,UTS2,TNFRSF25,TNFRSF18,ANGPTL7,PLA2G2E,NPPC,GUCA2B"
"GO:CC","mitochondrial inner membrane","GO:0005743","0.001259060016159446","2.899953567695438","505","383","25","21690","MPC1L,MRPL27,TMEM65,NDUFB9,IMMP2L,NDUFA6,SMDT1,NDUFV3,SLC25A6,CHCHD10,UQCR10,SLC25A43,MGARP,CHCHD1,NDUFB8,SDHD,MRPS12,MT-ND2,MT-CO1,COX3,ND3,ND4,ND5,CYTB,ND6"
"GO:CC","transmembrane transporter complex","GO:1902495","0.0022858822600211252","2.6409461427683785","392","383","21","21690","ABCG5,ABCG8,PLN,CLIC5,KCNH2,NDUFB9,NDUFA6,SMDT1,NDUFV3,UQCR10,GABRG1,LRRC52,NDUFB8,FXYD2,MT-ND2,MT-CO1,ND3,ND4,ND5,CYTB,ND6"
"GO:CC","spindle","GO:0005819","0.002869036103342994","2.5422639866497887","430","383","22","21690","HAUS6,PINX1,ANKFN1,KIF18B,TUBB6,TRAT1,RSPH1,SKA3,CIAO1,NUDCD2,PLK1,CENPE,TACC3,GPSM2,PRC1,KNSTRN,INCENP,NUSAP1,DLGAP5,TUBB,HAUS8,KLHL21"
"GO:CC","organelle inner membrane","GO:0019866","0.003356727657779947","2.4740838930449027","569","383","26","21690","MPC1L,MRPL27,TMEM65,NDUFB9,IMMP2L,NDUFA6,SMDT1,NDUFV3,SLC25A6,CHCHD10,UQCR10,SLC25A43,MGARP,SIRT1,CHCHD1,NDUFB8,SDHD,MRPS12,MT-ND2,MT-CO1,COX3,ND3,ND4,ND5,CYTB,ND6"
"GO:CC","mitochondrial membrane","GO:0031966","0.004166062731958551","2.3802741947967423","756","383","31","21690","TRIM14,VRK2,MPC1L,PLN,MRPL27,TMEM65,NDUFB9,IMMP2L,NDUFA6,SMDT1,NDUFV3,SLC25A6,ZNFX1,CHCHD10,UQCR10,PLD6,IFI27L2,SLC25A43,MGARP,CHCHD1,NDUFB8,SDHD,MRPS12,MT-ND2,MT-CO1,COX3,ND3,ND4,ND5,CYTB,ND6"
"GO:CC","microtubule cytoskeleton","GO:0015630","0.0054300576003482245","2.2651955635270444","1359","383","46","21690","TBCA,HAUS6,PBXIP1,PINX1,CLIC5,ANKFN1,KIF18B,HOXB4,TUBB6,LRGUK,GTSE1,TRAT1,RSPH1,RPGR,SKA3,TGIF2,RANBP1,SMTN,CIAO1,NUDCD2,PLK1,CCDC78,CCNF,PPP4R2,KIF4B,FGF13,CDKL2,CENPU,CENPE,TACC3,GPSM2,TEDC1,PRC1,KNSTRN,INCENP,NUSAP1,DLGAP5,TUBB,CCDC141,CFAP221,KLHL12,HAUS8,RAB8A,RILP,APPBP2,KLHL21"
"GO:CC","transporter complex","GO:1990351","0.006002439839945879","2.2216721840090385","418","383","21","21690","ABCG5,ABCG8,PLN,CLIC5,KCNH2,NDUFB9,NDUFA6,SMDT1,NDUFV3,UQCR10,GABRG1,LRRC52,NDUFB8,FXYD2,MT-ND2,MT-CO1,ND3,ND4,ND5,CYTB,ND6"
"GO:CC","chromosomal region","GO:0098687","0.007598513228759912","2.1192713761023345","392","383","20","21690","CENPH,PINX1,CENPQ,SYCP2L,CHRAC1,HJURP,SKA3,NUDCD2,PLK1,CENPT,TERF2IP,DSN1,CENPU,CENPC,CENPE,TP53BP1,KNSTRN,INCENP,MIS18BP1,ATR"
"GO:CC","mitochondrial envelope","GO:0005740","0.014425312716936646","1.8408747632836424","807","383","31","21690","TRIM14,VRK2,MPC1L,PLN,MRPL27,TMEM65,NDUFB9,IMMP2L,NDUFA6,SMDT1,NDUFV3,SLC25A6,ZNFX1,CHCHD10,UQCR10,PLD6,IFI27L2,SLC25A43,MGARP,CHCHD1,NDUFB8,SDHD,MRPS12,MT-ND2,MT-CO1,COX3,ND3,ND4,ND5,CYTB,ND6"
"GO:CC","synaptonemal complex","GO:0000795","0.027577031256506873","1.5594524886428953","42","383","6","21690","SYCP2L,PLK1,RNF212,INCENP,C14ORF39,TEX12"
"GO:CC","synaptonemal structure","GO:0099086","0.027577031256506873","1.5594524886428953","42","383","6","21690","SYCP2L,PLK1,RNF212,INCENP,C14ORF39,TEX12"
"GO:CC","condensed nuclear chromosome","GO:0000794","0.0283615381261731","1.547270219836102","81","383","8","21690","SHOC1,SYCP2L,RSPH1,PLK1,RNF212,INCENP,C14ORF39,TEX12"
"GO:CC","supramolecular complex","GO:0099080","0.03195666679922626","1.495438525546878","1377","383","44","21690","CENPH,TBCA,HAUS6,PBXIP1,PINX1,CENPQ,ENDOV,KIF18B,KRT222,KRT24,TUBB6,GTSE1,LRRC10,COL8A1,HJURP,RSPH1,COL4A1,COL4A2,SKA3,ZNFX1,SMTN,NUDCD2,MYOT,PLK1,CENPT,DSN1,KIF4B,FGF13,CENPU,CENPC,CENPE,PRC1,TP53BP1,KNSTRN,INCENP,EXD1,NUSAP1,TUBB,COL6A1,WIPF1,LMOD1,HAUS8,APPBP2,KLHL21"
"GO:CC","spindle microtubule","GO:0005876","0.04334385869288599","1.363072428170078","86","383","8","21690","HAUS6,KIF18B,SKA3,PLK1,CENPE,PRC1,HAUS8,KLHL21"
"KEGG","Cytokine-cytokine receptor interaction","KEGG:04060","0.000006334979603585797","5.19825477905432","293","147","21","8064","IL7R,IL20RA,IL6,GDF6,IFNG,CD4,CRLF2,TNFSF13B,CD40,IL12B,IL21R,IL22RA1,CX3CL1,IL13RA1,LEPR,BMP4,CCL4,CCL5,TNFRSF9,TNFRSF25,TNFRSF18"
"KEGG","Prion disease","KEGG:05020","0.000009383111981816152","5.02765310059905","273","147","20","8064","PSMB6,IL6,TUBB6,NDUFB9,NDUFA6,NDUFV3,SLC25A6,UQCR10,NDUFB8,TUBB,CCL5,SDHD,MT-ND2,MT-CO1,COX3,ND3,ND4,ND5,CYTB,ND6"
"KEGG","Oxidative phosphorylation","KEGG:00190","0.000012270098461375849","4.911151952263978","134","147","14","8064","NDUFB9,NDUFA6,NDUFV3,UQCR10,NDUFB8,SDHD,MT-ND2,MT-CO1,COX3,ND3,ND4,ND5,CYTB,ND6"
"KEGG","Diabetic cardiomyopathy","KEGG:05415","0.000013779546675881587","4.860765069757969","203","147","17","8064","MPC1L,PLN,NDUFB9,NDUFA6,NDUFV3,SLC25A6,UQCR10,NDUFB8,SDHD,MT-ND2,MT-CO1,COX3,ND3,ND4,ND5,CYTB,ND6"
"KEGG","Chemical carcinogenesis - reactive oxygen species","KEGG:05208","0.00004985321671736211","4.302306814132079","222","147","17","8064","GSTA2,NDUFB9,NDUFA6,NDUFV3,SLC25A6,UQCR10,NOX1,NDUFB8,SDHD,MT-ND2,MT-CO1,COX3,ND3,ND4,ND5,CYTB,ND6"
"KEGG","Parkinson disease","KEGG:05012","0.00013906361294050004","3.856786491621339","266","147","18","8064","PSMB6,TUBB6,NDUFB9,NDUFA6,NDUFV3,SLC25A6,UQCR10,NDUFB8,TUBB,SDHD,MT-ND2,MT-CO1,COX3,ND3,ND4,ND5,CYTB,ND6"
"KEGG","Protein digestion and absorption","KEGG:04974","0.00023460330439211465","3.629665875131168","103","147","11","8064","COL28A1,COL8A1,COL4A1,COL4A2,COL9A3,COL25A1,COL13A1,COL17A1,PGA5,COL6A1,FXYD2"
"KEGG","Huntington disease","KEGG:05016","0.0010043894707668162","2.998097848738724","306","147","18","8064","PSMB6,TUBB6,NDUFB9,NDUFA6,NDUFV3,SLC25A6,UQCR10,NDUFB8,TUBB,SDHD,MT-ND2,MT-CO1,COX3,ND3,ND4,ND5,CYTB,ND6"
"KEGG","Alzheimer disease","KEGG:05010","0.0019031437723206694","2.720528401851197","384","147","20","8064","PSMB6,IL6,TUBB6,NDUFB9,NDUFA6,NDUFV3,SLC25A6,UQCR10,NOX1,NDUFB8,TUBB,SDHD,MT-ND2,MT-CO1,COX3,ND3,ND4,ND5,CYTB,ND6"
"KEGG","Amyotrophic lateral sclerosis","KEGG:05014","0.002924026229865674","2.534018735874632","363","147","19","8064","PSMB6,TUBB6,NDUFB9,NDUFA6,NDUFV3,CHCHD10,UQCR10,NDUFB8,TUBB,RAB8A,SDHD,MT-ND2,MT-CO1,COX3,ND3,ND4,ND5,CYTB,ND6"
"KEGG","Thermogenesis","KEGG:04714","0.007813121790808565","2.1071754058627192","232","147","14","8064","NDUFB9,NDUFA6,NDUFV3,UQCR10,NDUFB8,SDHD,MT-ND2,MT-CO1,COX3,ND3,ND4,ND5,CYTB,ND6"
"KEGG","Non-alcoholic fatty liver disease","KEGG:04932","0.011311138000137723","1.946493699025245","155","147","11","8064","IL6,NDUFB9,NDUFA6,NDUFV3,UQCR10,LEPR,NDUFB8,SDHD,MT-CO1,COX3,CYTB"
"KEGG","Pathways of neurodegeneration - multiple diseases","KEGG:05022","0.013183308841150099","1.8799755737251511","476","147","21","8064","PSMB6,IL6,TUBB6,NDUFB9,NDUFA6,NDUFV3,SLC25A6,UQCR10,NOX1,NDUFB8,TUBB,RAB8A,SDHD,MT-ND2,MT-CO1,COX3,ND3,ND4,ND5,CYTB,ND6"
"KEGG","Cholesterol metabolism","KEGG:04979","0.029581156017234808","1.5289848579897023","51","147","6","8064","ABCG5,ABCG8,ANGPTL3,ANGPTL4,APOA4,APOA1"
"KEGG","Retrograde endocannabinoid signaling","KEGG:04723","0.0346040164747028","1.460873489890339","148","147","10","8064","NDUFB9,NDUFA6,NDUFV3,GABRG1,NDUFB8,MT-ND2,ND3,ND4,ND5,ND6"
"KEGG","Primary immunodeficiency","KEGG:05340","0.049918332762005184","1.30173992822052","37","147","5","8064","IL7R,CD4,CD40,CD8A,ICOS"
"REAC","Respiratory electron transport","REAC:R-HSA-611105","0.000004790799550738235","5.3195919998430545","103","204","14","10461","NDUFB9,NDUFA6,NDUFV3,UQCR10,NDUFB8,SDHD,MT-ND2,MT-CO1,COX3,ND3,ND4,ND5,CYTB,ND6"
"REAC","Collagen chain trimerization","REAC:R-HSA-8948216","0.0000583664517388242","4.233836707873473","44","204","9","10461","COL28A1,COL8A1,COL4A1,COL4A2,COL9A3,COL25A1,COL13A1,COL17A1,COL6A1"
"REAC","Respiratory electron transport, ATP synthesis by chemiosmotic coupling, and heat production by uncoupling proteins.","REAC:R-HSA-163200","0.00007149043096224656","4.1457520848899385","127","204","14","10461","NDUFB9,NDUFA6,NDUFV3,UQCR10,NDUFB8,SDHD,MT-ND2,MT-CO1,COX3,ND3,ND4,ND5,CYTB,ND6"
"REAC","Complex I biogenesis","REAC:R-HSA-6799198","0.0005948505169722065","3.225592156641907","57","204","9","10461","NDUFB9,NDUFA6,NDUFV3,NDUFB8,MT-ND2,ND3,ND4,ND5,ND6"
"REAC","Collagen biosynthesis and modifying enzymes","REAC:R-HSA-1650814","0.002388889046005609","2.6218040209602638","67","204","9","10461","COL28A1,COL8A1,COL4A1,COL4A2,COL9A3,COL25A1,COL13A1,COL17A1,COL6A1"
"REAC","Mitotic Spindle Checkpoint","REAC:R-HSA-69618","0.0037225986898690106","2.429153779835722","109","204","11","10461","CENPH,CENPQ,UBE2E1,PLK1,CENPT,DSN1,CENPU,CENPC,CENPE,CDC26,INCENP"
"REAC","The citric acid (TCA) cycle and respiratory electron transport","REAC:R-HSA-1428517","0.0039315151142187985","2.405440050403618","177","204","14","10461","NDUFB9,NDUFA6,NDUFV3,UQCR10,NDUFB8,SDHD,MT-ND2,MT-CO1,COX3,ND3,ND4,ND5,CYTB,ND6"
"REAC","Collagen degradation","REAC:R-HSA-1442490","0.013751883811531772","1.8616378056217442","64","204","8","10461","COL8A1,COL4A1,COL4A2,COL9A3,COL25A1,COL13A1,COL17A1,COL6A1"
"REAC","Collagen formation","REAC:R-HSA-1474290","0.024533354671311805","1.610243062652723","89","204","9","10461","COL28A1,COL8A1,COL4A1,COL4A2,COL9A3,COL25A1,COL13A1,COL17A1,COL6A1"
"REAC","Amplification  of signal from unattached  kinetochores via a MAD2  inhibitory signal","REAC:R-HSA-141444","0.03188477331328021","1.4964166663085745","92","204","9","10461","CENPH,CENPQ,PLK1,CENPT,DSN1,CENPU,CENPC,CENPE,INCENP"
"REAC","Amplification of signal from the kinetochores","REAC:R-HSA-141424","0.03188477331328021","1.4964166663085745","92","204","9","10461","CENPH,CENPQ,PLK1,CENPT,DSN1,CENPU,CENPC,CENPE,INCENP"
"REAC","Separation of Sister Chromatids","REAC:R-HSA-2467813","0.03376056491633776","1.4715902949256605","188","204","13","10461","PSMB6,CENPH,CENPQ,UBE2E1,TUBB6,PLK1,CENPT,DSN1,CENPU,CENPC,CENPE,CDC26,INCENP"
"REAC","EML4 and NUDC in mitotic spindle formation","REAC:R-HSA-9648025","0.03487721169439872","1.4574582426081788","115","204","10","10461","CENPH,CENPQ,TUBB6,PLK1,CENPT,DSN1,CENPU,CENPC,CENPE,INCENP"
"WP","Electron transport chain: OXPHOS system in mitochondria","WP:WP111","5.055067761116679e-7","6.296273018493984","103","165","15","7827","NDUFB9,NDUFA6,NDUFV3,SLC25A6,UQCR10,NDUFB8,SDHD,MT-ND2,MT-CO1,COX3,ND3,ND4,ND5,CYTB,ND6"
"WP","Oxidative phosphorylation","WP:WP623","0.0006291683569636287","3.201233127659776","60","165","9","7827","NDUFB9,NDUFA6,NDUFV3,NDUFB8,MT-ND2,ND3,ND4,ND5,ND6"
"WP","Mitochondrial complex I assembly model OXPHOS system","WP:WP4324","0.0031985637639493337","2.4950449871207776","56","165","8","7827","NDUFB9,NDUFA6,NDUFV3,NDUFB8,MT-ND2,ND4,ND5,ND6"
"HPA","skin 2; extracellular matrix[â‰¥Low]","HPA:0471431","0.013472538380325663","1.8705505705198453","68","214","8","10976","TJP2,CD248,COL8A1,COL4A2,TACC3,PBX1,RSRC1,COL6A1"
"CORUM","CENP-A NAC complex","CORUM:927","0.0009225389457495727","3.0350152906788095","6","85","4","3385","CENPH,CENPT,CENPU,CENPC"
"CORUM","Respiratory chain complex I (holoenzyme), mitochondrial","CORUM:178","0.0016596826497962272","2.779974946067291","44","85","8","3385","NDUFB9,NDUFA6,NDUFV3,NDUFB8,MT-ND2,ND3,ND5,ND6"
"CORUM","CENP-A NAC-CAD complex","CORUM:1179","0.0016810617017314984","2.7744163459122637","13","85","5","3385","CENPH,CENPQ,CENPT,CENPU,CENPC"
"CORUM","Respiratory chain complex I (gamma subunit) mitochondrial","CORUM:2919","0.03841849419121258","1.4154596612667","13","85","4","3385","NDUFA6,MT-ND2,ND3,ND6"
"CORUM","CENP-A nucleosomal complex","CORUM:7388","0.03841849419121258","1.4154596612667","13","85","4","3385","CENPH,HJURP,CENPT,CENPC"
"HP","Centrocecal scotoma","HP:0000576","0.000009582102190563661","5.018539201818382","13","116","7","4756","MT-ND2,MT-CO1,COX3,ND4,ND5,CYTB,ND6"
"HP","Optic neuropathy","HP:0001138","0.00001568566519673382","4.804497059041776","59","116","12","4756","ABCG5,ABCG8,NDUFB9,NDUFA6,SH3BP2,MT-ND2,COX3,ND3,ND4,ND5,CYTB,ND6"
"HP","Blurred vision","HP:0000622","0.00004404592856289954","4.356094229916781","41","116","10","4756","COL4A1,COL17A1,APOA1,MT-ND2,MT-CO1,COX3,ND4,ND5,CYTB,ND6"
"HP","Leber optic atrophy","HP:0001112","0.000052782890815325175","4.277506828008284","10","116","6","4756","MT-ND2,COX3,ND4,ND5,CYTB,ND6"
"HP","Mitochondrial inheritance","HP:0001427","0.00010014138610339555","3.999386401624049","17","116","7","4756","MT-ND2,MT-CO1,COX3,ND4,ND5,CYTB,ND6"
"HP","Ventricular preexcitation","HP:0004309","0.00021804548537724148","3.6614529009467556","27","116","8","4756","IFNG,MT-ND2,MT-CO1,COX3,ND4,ND5,CYTB,ND6"
"HP","Central retinal vessel vascular tortuosity","HP:0007768","0.00022312611492994325","3.651449596429615","12","116","6","4756","MT-ND2,COX3,ND4,ND5,CYTB,ND6"
"HP","Retinal arterial tortuosity","HP:0000631","0.00022312611492994325","3.651449596429615","12","116","6","4756","MT-ND2,COX3,ND4,ND5,CYTB,ND6"
"HP","Abnormal mitochondria in muscle tissue","HP:0008316","0.0002962864793519091","3.5282881665315413","38","116","9","4756","NDUFB9,NDUFA6,MT-ND2,MT-CO1,COX3,ND3,ND4,ND5,ND6"
"HP","Mitochondrial respiratory chain defects","HP:0200125","0.0003756322603409487","3.4252371163888573","20","116","7","4756","MT-ND2,MT-CO1,COX3,ND4,ND5,CYTB,ND6"
"HP","Wolff-Parkinson-White syndrome","HP:0001716","0.0007935959791271157","3.10040054126634","22","116","7","4756","IFNG,MT-CO1,COX3,ND4,ND5,CYTB,ND6"
"HP","Mitochondrial myopathy","HP:0003737","0.0008621964912663929","3.064393748852514","55","116","10","4756","NDUFB9,NDUFA6,MT-ND2,MT-CO1,COX3,ND3,ND4,ND5,CYTB,ND6"
"HP","Ragged-red muscle fibers","HP:0003200","0.0011395768962470275","2.943256364218573","44","116","9","4756","CHCHD10,MT-ND2,MT-CO1,COX3,ND3,ND4,ND5,CYTB,ND6"
"HP","Multiple glomerular cysts","HP:0100611","0.0026625145445439567","2.5747080111220586","10","116","5","4756","MT-ND2,ND3,ND4,ND5,ND6"
"HP","Mixed demyelinating and axonal polyneuropathy","HP:0007327","0.0026625145445439567","2.5747080111220586","10","116","5","4756","MT-CO1,COX3,ND4,ND5,ND6"
"HP","Episodic respiratory distress","HP:0004885","0.0027040118806969525","2.567991404553703","17","116","6","4756","COL13A1,MT-ND2,ND3,ND4,ND5,ND6"
"HP","Lacticaciduria","HP:0003648","0.0027040118806969525","2.567991404553703","17","116","6","4756","SDHD,MT-ND2,ND3,ND4,ND5,ND6"
"HP","Retinal telangiectasia","HP:0007763","0.00282294064657088","2.549298252968111","26","116","7","4756","MT-ND2,MT-CO1,COX3,ND4,ND5,CYTB,ND6"
"HP","Proximal tubulopathy","HP:0000114","0.0029811735979723137","2.5256127336465735","49","116","9","4756","NDUFB9,NDUFA6,MT-ND2,MT-CO1,COX3,ND3,ND4,ND5,ND6"
"HP","Widened cerebral subarachnoid space","HP:0012766","0.004786426999775073","2.3199885603456325","11","116","5","4756","MT-CO1,COX3,ND4,ND5,ND6"
"HP","Low plasma citrulline","HP:0003572","0.004786426999775073","2.3199885603456325","11","116","5","4756","MT-ND2,ND3,ND4,ND5,ND6"
"HP","Fluctuations in consciousness","HP:0007159","0.005695682933326204","2.244454194957488","19","116","6","4756","NDUFB8,MT-CO1,COX3,ND4,ND5,ND6"
"HP","Episodic vomiting","HP:0002572","0.00705459319379457","2.151528024969039","41","116","8","4756","MT-ND2,MT-CO1,COX3,ND3,ND4,ND5,CYTB,ND6"
"HP","Stroke-like episode","HP:0002401","0.007975704650319855","2.098230936831714","20","116","6","4756","MT-CO1,COX3,ND4,ND5,CYTB,ND6"
"HP","Concentric hypertrophic cardiomyopathy","HP:0005157","0.008045927631807316","2.0944238779601454","12","116","5","4756","MT-CO1,COX3,ND4,ND5,ND6"
"HP","Muscle abnormality related to mitochondrial dysfunction","HP:0003800","0.011152329174228402","1.9526344203399357","72","116","10","4756","NDUFB9,NDUFA6,MT-ND2,MT-CO1,COX3,ND3,ND4,ND5,CYTB,ND6"
"HP","Distal peripheral sensory neuropathy","HP:0007067","0.012820780001602384","1.892085552033505","13","116","5","4756","MT-CO1,COX3,ND4,ND5,ND6"
"HP","Elevated brain lactate level by MRS","HP:0012707","0.014751948143111603","1.8311506229444632","22","116","6","4756","NDUFB8,MT-CO1,COX3,ND4,ND5,ND6"
"HP","Stuttering","HP:0025268","0.019556378902897464","1.708711556914266","14","116","5","4756","MT-CO1,COX3,ND4,ND5,ND6"
"HP","Abnormal brain lactate level by MRS","HP:0025045","0.019563952944890817","1.7085433904121352","23","116","6","4756","NDUFB8,MT-CO1,COX3,ND4,ND5,ND6"
"HP","Arterial tortuosity","HP:0005116","0.019563952944890817","1.7085433904121352","23","116","6","4756","MT-ND2,COX3,ND4,ND5,CYTB,ND6"
"HP","Slow decrease in visual acuity","HP:0007924","0.019639037833510672","1.7068797932208064","34","116","7","4756","MT-ND2,MT-CO1,COX3,ND4,ND5,CYTB,ND6"
"HP","Central scotoma","HP:0000603","0.028292295366940452","1.5483318166024993","49","116","8","4756","RPGR,MT-ND2,MT-CO1,COX3,ND4,ND5,CYTB,ND6"
"HP","Abnormal circulating citrulline concentration","HP:0011965","0.02876548516959007","1.5411282966011512","15","116","5","4756","MT-ND2,ND3,ND4,ND5,ND6"
"HP","Abnormality of Krebs cycle metabolism","HP:0000816","0.02876548516959007","1.5411282966011512","15","116","5","4756","MT-ND2,ND3,ND4,ND5,ND6"
"HP","Recurrent paroxysmal headache","HP:0002331","0.03297961155115873","1.481754463979001","25","116","6","4756","SDHD,MT-CO1,COX3,ND4,ND5,ND6"
"HP","Vascular tortuosity","HP:0004948","0.042026612822535135","1.3764756109881462","26","116","6","4756","MT-ND2,COX3,ND4,ND5,CYTB,ND6"
